[
  {
    "id": 0,
    "name": "Geforce GTX 1080 Ti FTW3 Elite",
    "picture": "images/1080tiftw3.jpg",
    "condition": "Slightly Used",
    "brand": "EVGA",
    "architecture": "PASCAL"
  },
  {
    "id": 1,
    "name": "Geforce RTX 2080 ROG Strix",
    "picture": "images/2080strix.jpg",
    "condition": "Heavy Usage",
    "brand": "ASUS",
    "architecture": "TURING"
  },
  {
    "id": 2,
    "name": "Geforce GTX 960 XTREME",
    "picture": "images/960giga.jpg",
    "condition": "As new",
    "brand": "Gigabyte",
    "architecture": "MAXWELL"
  },
  {
    "id": 3,
    "name": "Geforce GTX TITAN Z 12GB",
    "picture": "images/TITANZGALAXY.jpg",
    "condition": "Heavy Usage",
    "brand": "GALAX",
    "architecture": "KEPLER"
  },
  {
    "id": 4,
    "name": "Geforce RTX 3090 Ti EX",
    "picture": "images/KFA23090ti.jpg",
    "condition": "Used",
    "brand": "KFA2",
    "architecture": "AMPERE"
  },
  {
    "id": 5,
    "name": "Geforce RTX 4090 AMP",
    "picture": "images/4090Zotac.jpg",
    "condition": "Slightly Used",
    "brand": "ZOTAC",
    "architecture": "ADA"
  },
  {
    "id": 6,
    "name": "Geforce GTX 1080 XTREME",
    "picture": "images/1080GIGAXtreme.jpg",
    "condition": "New",
    "brand": "Gigabyte",
    "architecture": "PASCAL"
  },
  {
    "id": 7,
    "name": "Radeon RX580 Nitro + 8GB",
    "picture": "images/580nitro+.jpg",
    "condition": "Heavy Usage",
    "brand": "Sapphire",
    "architecture": "POLARIS"
  },
  {
    "id": 8,
    "name": "Geforce GTX 690 Founder",
    "picture": "images/690founder.jpg",
    "condition": "Heavy Usage",
    "brand": "NVIDIA",
    "architecture": "KEPLER"
  },
  {
    "id": 9,
    "name": "Geforce GTX 1660 Ti Gaming",
    "picture": "images/1660tiinno3D.jpg",
    "condition": "Factory New",
    "brand": "INNO3D",
    "architecture": "TURING"
  },
  {
    "id": 10,
    "name": "Radeon RX 7900XTX Ultimate",
    "picture": "images/Biostar7900xtx.jpg",
    "condition": "Heavy Usage",
    "brand": "BIOSTAR",
    "architecture": "RDNA3"
  },
  {
    "id": 11,
    "name": "ARC Alchemist A770 8GB",
    "picture": "images/Arca770.jpg",
    "condition": "New",
    "brand": "Intel",
    "architecture": "Intel Xe-HPG"
  },
  {
    "id": 12,
    "name": "RTX A6000 48GB",
    "picture": "images/Ada6000.jpg",
    "condition": "Slightly Used",
    "brand": "NVIDIA",
    "architecture": "AMPERE"
  },
  {
    "id": 13,
    "name": "Geforce RTX 3090 XTREME",
    "picture": "images/giga3090xtreme.jpg",
    "condition": "As new",
    "brand": "Gigabyte",
    "architecture": "AMPERE"
  },
  {
    "id": 14,
    "name": "Geforce GTX 1070 AMP",
    "picture": "images/1070AMP.jpg",
    "condition": "Used",
    "brand": "ZOTAC",
    "architecture": "PASCAL"
  },
  {
    "id": 15,
    "name": "Geforce RTX 3090 Ti Kingpin 24GB",
    "picture": "images/3090tikingpin.jpg",
    "condition": "Heavy Usage",
    "brand": "EVGA",
    "architecture": "AMPERE"
  }
]
